{"assets/audio/collision.wav":["assets/audio/collision.wav"],"assets/audio/fly.wav":["assets/audio/fly.wav"],"assets/audio/point.wav":["assets/audio/point.wav"],"assets/fonts/Game.ttf":["assets/fonts/Game.ttf"],"assets/images/background.png":["assets/images/background.png"],"assets/images/bullet.png":["assets/images/bullet.png"],"assets/images/enemy1_down1.png":["assets/images/enemy1_down1.png"],"assets/images/enemy1_down2.png":["assets/images/enemy1_down2.png"],"assets/images/enemy1_down3.png":["assets/images/enemy1_down3.png"],"assets/images/enemy1_down4.png":["assets/images/enemy1_down4.png"],"assets/images/enemy1_fly1.png":["assets/images/enemy1_fly1.png"],"assets/images/enemy2_down1.png":["assets/images/enemy2_down1.png"],"assets/images/enemy2_down2.png":["assets/images/enemy2_down2.png"],"assets/images/enemy2_down3.png":["assets/images/enemy2_down3.png"],"assets/images/enemy2_down4.png":["assets/images/enemy2_down4.png"],"assets/images/enemy2_fly1.png":["assets/images/enemy2_fly1.png"],"assets/images/enemy2_hit.png":["assets/images/enemy2_hit.png"],"assets/images/enemy3_down1.png":["assets/images/enemy3_down1.png"],"assets/images/enemy3_down2.png":["assets/images/enemy3_down2.png"],"assets/images/enemy3_down3.png":["assets/images/enemy3_down3.png"],"assets/images/enemy3_down4.png":["assets/images/enemy3_down4.png"],"assets/images/enemy3_down5.png":["assets/images/enemy3_down5.png"],"assets/images/enemy3_down6.png":["assets/images/enemy3_down6.png"],"assets/images/enemy3_fly1.png":["assets/images/enemy3_fly1.png"],"assets/images/enemy3_fly2.png":["assets/images/enemy3_fly2.png"],"assets/images/enemy3_hit.png":["assets/images/enemy3_hit.png"],"assets/images/hero_down1.png":["assets/images/hero_down1.png"],"assets/images/hero_down2.png":["assets/images/hero_down2.png"],"assets/images/hero_down3.png":["assets/images/hero_down3.png"],"assets/images/hero_down4.png":["assets/images/hero_down4.png"],"assets/images/hero_fly1.png":["assets/images/hero_fly1.png"],"assets/images/hero_fly2.png":["assets/images/hero_fly2.png"],"packages/cupertino_icons/assets/CupertinoIcons.ttf":["packages/cupertino_icons/assets/CupertinoIcons.ttf"]}